Sentence #,Word,POS,Tag
Sentence: 1,Finishing,,O
,Pig,NN,O
,Stockperson,NN,O
,Ref,NN,O
,dfsdf,NN,O
,Dorset,NN,O
,Our,NN,O
,clients,NN,O
,have,NN,O
,a,NN,O
,vacancy,NN,O
,on,NN,O
,their,NN,O
,sdfsdf,NN,O
Sentence: 2,pig,NN,O
,finishing,NN,SKILL
,unit,NN,O
,in,NN,O
,Dorset,NN,O
,To,NN,O
,work,NN,SKILL
,along,NN,O
,side,NN,O
,the,NN,O
,head,NN,O
,stockman,NN,O
,duties,NN,O
,will,NN,O
,include,NN,O
,pig,NN,O
Sentence: 3,welfare,NN,SKILL
,weighing,NN,SKILL
,washing,NN,SKILL
,and,NN,O
,cleaning,NN,SKILL
,loading,NN,SKILL
,and,NN,O
,unloading,NN,SKILL
,pigs,NN,O
,using,NN,SKILL
,the,NN,O
,fully,NN,O
,automated,NN,O
,liquid,NN,O
,feeding,NN,SKILL
,system.,NN,O
,Overseeing,NN,SKILL
,absence,NN,O
,of,NN,O
,the,NN,O
,head,NN,O
,pigman.,NN,O
,Start,NN,O
,date,NN,O
,is,NN,O
,end,NN,O
,of,NN,O
Sentence: 4,march.,NN,O
,bed,NN,O
,cottage,NN,O
,available,NN,O
,on,NN,O
,farm,NN,O
,for,NN,O
,the,NN,O
,right,NN,O
,applicant.,NN,O
,Further,NN,O
,work,NN,O
,available,NN,O
,if,NN,O
,candidate,NN,O
,is,NN,O
,a,NN,O
,competent,NN,O
,tractor,NN,O
,driver.,NN,SKILL
,For,NN,O
,further,NN,O
,details,NN,O
,please,NN,O
,call,NN,O
,Roadhogs,NN,O
,Recruitment,NN,O
,Ltd,NN,O
,on,NN,O
,or,NN,O
,or,NN,O
,email,NN,O
,All,NN,O
,applications,NN,O
,are,NN,O
,dealt,NN,O
,with,NN,O
,in,NN,O
,strict,NN,O
,confidence,NN,O
,and,NN,O
,our,NN,O
,applicant,NN,O
,service,NN,O
,is,NN,O
,free.,NN,O
,Recruiter,NN,O
Sentence: 5,Roadhogs,NN,O
,Location,NN,O
,Dorset,NN,O
,Salary,NN,O
,Neg,NN,O
,Posted,NN,O
,sdfsdf,NN,O
,Mar,NN,O
,sdfsdf,NN,O
,Closes,NN,O
,sdfsdf,NN,O
,Mar,NN,O
,sdfsdf,NN,O
,Sectors,NN,O
,Agriculture,NN,O
,&,NN,O
,Outdoor,NN,O
,Contract,NN,O
,Type,NN,O
,Permanent,NN,O
,Hours,NN,O
,Full,NN,O
,Time,NN,O
,sdfsdf,NN,O
,Late,NN,O
,Shift,NN,O
Sentence: 6,Truck,NN,O
,Technician,NN,O
,Location,NN,O
,Aldershot,NN,O
,Hampshire,NN,O
,Sector:,NN,O
,Engineering,NN,O
,Job,NN,O
,type:,NN,O
,Permanent,NN,O
,Salary,NN,O
,sdfsdf,NN,O
,sdfsdf,NN,O
,per,NN,O
,annum,NN,O
,Brandon,NN,O
,Contact,NN,O
,email:,NN,O
,brandon.lonslow@brookstreet.co.uk,NN,O
,Job,NN,O
,ref,NN,O
,GUI/689675_1551369989,NN,O
,Published:,NN,O
,about,NN,O
,aasdasd,NN,O
,hours,NN,O
,ago,NN,O
,Description,NN,O
,We,NN,O
,are,NN,O
,looking,NN,O
,for,NN,O
,a,NN,O
,Late,NN,O
,Shift,NN,O
,Truck,NN,O
,Technician,NN,O
,to,NN,O
,join,VBP,O
,our,NN,O
,team,NN,O
,in,NN,O
,Aldershot,NN,O
,The,NN,O
,Role:,NN,O
,The,NN,O
,starting,NN,O
,salary,NN,O
Sentence: 7,would,NN,O
,be,NN,O
,around,NN,O
,sdgsdgsd,NN,O
,sdfsfdsdf,NN,O
,pa,NN,O
,You,NN,O
,will,VBP,O
,be,NN,O
,working,VBP,O
,around,NN,O
,sdddd,NN,O
,sfdsdf,NN,O
,hours,NN,O
,a,NN,O
,week,NN,O
,Mon,NN,O
,to,NN,O
,Fri,NN,O
,with,NN,O
,the,O,O
,odd,O,O
Sentence: 8,would,VBP,O
,Refrigeration,,O
,Engineer,,O
,Service,,O
,Salary/Rate,,O
,£32000,,O
,£37000,,O
,annum,,O
,vehicle,,O
,benefits,,O
,Location,,O
,Covering,,O
,King&apos,,O
,Lynn,,O
,Wisbech,,O
,Holbeach,,O
,Swaffham,,O
,Posted,,O
,20/02/2019,,O
,Tired,,O
,of,,O
,being,,O
,just,,O
,a,,O
,number,,O
,The,,O
,vacancy,,O
,we,,O
,have,,O
,offers,,O
,this,,O
,and,,O
,more,,O
,This,,O
,highly,,O
,reputable,,O
,company,,O
,are,,O
,looking,,O
,for,,O
,an,,O
,experienced,,O
,Refrigeration,,SKILL
,Engineer,,O
,to,,O
,join,,O
,their,,O
,team,,O
,in,,O
,Norfolk,,O
,The,,O
,role,,O
,will,,O
,see,,O
,you,,O
,carrying,,SKILL
,out,,O
,planned,,O
,and,,O
,reactive,,O
,maintenance,,SKILL
,to,,O
,various,,O
,commercial,,O
,and,,O
,industrial,,O
,contracts,,O
,around,,O
,Lincolnshire,,O
,and,,O
,Norfolk,,O
,What,,O
,the,,O
,company,,O
,have,,O
,on,,O
,offer,,O
,A,,O
,Salary,,O
,of,,O
,up,,O
,to,,O
,"£37,,O
,000",,O
,+,,O
,Van,,O
,+,,O
,fuel,,O
,card,,O
,Door,,O
,to,,O
,door,,O
,travel,,O
,Call,,O
,out,,O
,of,,O
,only,,O
,110,,O
,£145,,O
,standby,,O
,payment,,O
,plus,,O
,a,,O
,day,,O
,in,,O
,lieu,,O
,if,,O
,your,,O
,week,,O
,includes,,O
,a,,O
,bank,,O
,holiday,,O
,Holidays,,O
,start,,O
,at,,O
,25,,O
,days,,O
,+,,O
,stats,,O
,and,,O
,increase,,O
,year,,O
,on,,O
,year,,O
,(max,,O
,of,,O
,30),,O
,Ongoing,,O
,training,,O
,and,,O
,development,,O
,A,,O
,,,O
,O,,O
,
What,,O
,the,,O
,company,,O
,needs,,O
,from,,O
,you,,O
,You,,O
,will,,O
,be,,O
,ideal,,O
,for,,O
,this,,O
,role,,O
,if,,O
,you,,O
,are,,O
,an,,O
,apprentice,,O
,trained,,SKILL
,Refrigeration,,SKILL
,Engineer,,O
,with,,O
,good,,O
,working,,O
,knowledge,,SKILL
,of,,O
,air,,O
,conditioning,,O
,You,,O
,will,,O
,also,,O
,possess,,O
,outstanding,,O
,customer,,O
,service,,SKILL
,skills,,O
,and,,O
,have,,O
,demonstrable,,O
,knowledge,,O
,of,,O
,commercial,,O
,and,,O
,industrial,,O
,refrigeration,,O
,and,,O
,air,,O
,conditioning,,O
,engineering,,O
,They,,O
,also,,O
,require,,O
,the,,O
,following,,O
,qualifications,,O
,and,,O
,knowledge,,O
,Refrigerant,,O
,handling,,SKILL
,qualification,,O
,(C&G,,O
,2079),,O
,Refrigeration,,O
,&,,O
,Air,,O
,conditioning,,O
,qualification,,O
,A,,O
,time,,O
,served,,O
,apprenticeship,,O
,(desirable),,O
,Full,,O
,UK,,O
,driving,,SKILL
,License,,SKILL
,Experienced,,SKILL
,in,,O
,diagnosis,,SKILL
,and,,O
,repairs,,SKILL
,of,,O
,systems,,O
Sentence: 9,malfunctions,,O
,Service,,SKILL
,Maintenance,,SKILL
,Commissioning,,SKILL
,experience,,SKILL
,Excellent,,O
,chilled,,O
,water,,O
,experience,,SKILL
,The,,O
,Company,,O
,This,,O
,is,,O
,a,,O
,specialist,,O
,Air,,O
,Conditioning,,O
,and,,O
,Refrigeration,,O
,company,,O
,who,,O
,are,,O
,well,,O
,respected,,O
,within,,O
,the,,O
,industry,,O
,They,,O
,have,,O
,been,,O
,at,,O
,the,,O
,forefront,,O
,of,,O
,their,,O
,game,,O
,for,,O
,the,,O
,last,,O
,50,,O
,+,,O
,years,,O
,and,,O
,continue,,O
,to,,O
,expand,,O
,the,,O
,business,,O
,through,,O
,reputation,,O
,and,,O
,expert,,SKILL
,knowledge,,SKILL
,They,,O
,are,,O
,customer,,O
,and,,O
,employee,,O
,focused,,O
,which,,O
,is,,O
,a,,O
,large,,O
,contribution,,O
,to,,O
,their,,O
,success,,O
,We,,O
,want,,O
,to,,O
,hear,,O
,from,,O
,you,,O
,if,,O
,you,,O
,have,,O
,the,,O
,refrigeration,,SKILL
,experience,,O
,required,,O
,and,,O
,live,,O
,in,,O
,North,,O
,Norfolk,,O
,If,,O
,can,,O
,either,,O
,send,,O
,your,,O
,CV,,O
,to,,O
,or,,O
,apply,,O
,directly,,O
,to,,O
,this,,O
,advert,,O
,I,,O
,will,,O
,be,,O
,in,,O
,touch,,O
,Type,,O
,Permanent,,O
,Start,,O
,Date,,O
,ASAP,,O
,Contract,,O
,Length,,O
,Permanent,,O
,Contact,,O
,Name,,O
,Telephone,,O
,Job,,O
,Reference,,O
,64260,,O
,Job,,O
,ID,,O
,209544072,,O
,Applications,,O
,Less,,O
,than,,O
,1011,,O
,Air,,O
,Conditioning,,SKILL
,Engineer,,O
,Recruiter,,O
,Bennett,,O
,&,,O
,Game,,O
,Recruitment,,O
,Location,,O
,Bermuda,,O
,Park,,O
,Salary,,O
,"?26,,O
,000",,O
,per,,O
,annum,,O
,Posted,,O
,25,,O
,Feb,,O
,2019,,O
,Closes,,O
,28,,O
,Mar,,O
,2019,,O
,Sector,,O
,Engineering,,SKILL
,Contract,,O
,Type,,O
,Full,,O
,Time,,O
,You,,O
,need,,O
,to,,O
,sign,,O
,in,,O
,or,,O
,create,,O
,an,,O
,account,,O
,to,,O
,Air,,O
,Conditioning,,SKILL
,/,,O
,AC,,O
,Engineer,,SKILL
,required,,O
,for,,O
,our,,O
,"client,,O
,",,O
,a,,O
,HVAC,,SKILL
,specialist,,SKILL
,with,,O
,multiple,,O
,offices,,O
,across,,O
,the,,O
,Midlands,,O
,The,,O
,Air,,O
,Conditioning,,SKILL
,Engineer,,O
,will,,O
,be,,O
,tasked,,O
,with,,O
,the,,O
,"service,,SKILL
,",,O
,maintenance,,SKILL
,and,,O
,installation,,SKILL
,of,,O
,various,,O
,types,,O
,of,,O
,air,,O
,conditioning,,SKILL
,"systems,,O
,",,O
,including,,O
,"splits,,O
,",,O
,multi,,O
,"splits,,O
,",,O
,"VRV's,,O
,",,O
,"VRF's,,O
,",,O
,as,,O
,well,,O
,as,,O
,possessing,,O
,knowledge,,SKILL
,of,,O
,AHU's,,SKILL
,and,,O
,chiller,,SKILL
,systems,,O
,The,,O
,Air,,O
,Conditioning,,O
,Engineer,,O
,MUST,,O
,hold,,O
,their,,O
,FGas,,SKILL
,(2079),,SKILL
,and,,O
,a,,O
,minimum,,O
,of,,O
,an,,O
,NVQ,,SKILL
,level,,SKILL
,2,,O
,in,,O
,Air,,O
,Conditioning,,O
,or,,O
,equivalent,,O
,The,,O
,Air,,O
,Conditioning,,O
,Engineer,,O
,will,,O
,be,,O
,working,,O
,in,,O
,commercial,,O
,"buildings,,O
,",,O
,covering,,SKILL
,the,,O
,"Midlands,,O
,",,O
,"Warwickshire,,O
,",,O
,"Leicestershire,,O
,",,O
,Northamptonshire,,O
,and,,O
,Worcestershire,,O
,areas,,O
,The,,O
,Air,,O
,Conditioning,,O
,Engineer,,O
,would,,O
,ideally,,O
,be,,O
,based,,O
,within,,O
,commutable,,O
,distance,,O
,of,,O
,one,,O
,of,,O
,the,,O
,client's,,O
,regional,,O
,"offices,,O
,",,O
,such,,O
,as,,O
,"Solihull,,O
,",,O
,"Coventry,,O
,",,O
,"Leicester,,O
,",,O
,"Rugby,,O
,",,O
,"Daventry,,O
,",,O
,Kettering,,O
,or,,O
,Northampton,,O
,Air,,O
,Conditioning,,O
,Engineer,,O
,,,O
,Position,,O
,Overview,,O
,Providing,,O
,"service,,O
,",,O
,maintenance,,SKILL
,and,,O
,"installation,,SKILL
,",,O
,of,,O
,air,,O
,conditioning,,SKILL
,systems,,O
,Covering,,O
,the,,O
,"Midlands,,O
,",,O
,"Warwickshire,,O
,",,O
,"Leicestershire,,O
,",,O
,Northamptonshire,,O
,and,,O
,Worcestershire,,O
,areas,,O
,Working,,SKILL
,in,,O
,Commercial,,O
,sites,,O
,Air,,O
,Conditioning,,SKILL
,Engineer,,SKILL
,,,O
,Position,,O
,Requirements,,O
,5+,,O
,years,,O
,experience,,SKILL
,as,,O
,an,,O
,air,,O
,conditioning,,SKILL
,engineer,,SKILL
,NVQ,,SKILL
,level,,O
,2,,SKILL
,in,,O
,Air,,O
,Conditioning,,SKILL
,or,,O
,equivalent,,O
,FGas,,SKILL
,(2079),,O
,Full,,O
,Driving,,SKILL
,License,,SKILL
,IPAF,,SKILL
,and,,O
,PASMA,,SKILL
,desirable,,O
,Based,,O
,in,,O
,or,,O
,close,,O
,to,,O
,"Solihull,,O
,",,O
,"Coventry,,O
,",,O
,"Leicester,,O
,",,O
,"Rugby,,O
,",,O
,"Daventry,,O
,",,O
,Kettering,,O
,or,,O
,Northampton,,O
,Air,,O
,Conditioning,,O
,Engineer,,O
,,,O
,Position,,O
,Remuneration,,O
,?26k,,O
,,,O
,?30k,,O
,Annual,,O
,Bonus,,O
,(discussed,,O
,at,,O
,interview),,O
,Overtime,,O
,Company,,O
,Van,,O
,and,,O
,Fuel,,O
,Card,,O
,Laptop,,O
,and,,O
,Phone/PDA,,O
,"We,,O
,",,O
,Bennett,,O
,and,,O
,Game,,O
,"Recruitment,,O
,",,O
,a,,O
,technical,,O
,recruitment,,O
,agency,,O
,based,,O
,in,,O
,Chichester,,O
,are,,O
,acting,,O
,as,,O
,a,,O
,Recruitment,,O
,Agency,,O
,in,,O
,relation,,O
,to,,O
,this,,O
,vacancy,,O
,Join,,O
,us,,O
,on,,O
,"Twitter,,O
,",,O
,Facebook,,O
,or,,O
,LinkedIn,,O
,,,O
,Search,,O
,Bennett,,O
,and,,O
,Game,,O
,Recruitment12,,O
,Company,,O
,SPARROWS,,O
,OFFSHORE,,O
,SERVICES,,O
,LIMITED,,O
,,,O
,View,,O
,more,,O
,jobs,,O
,Location,,O
,"Norwich,,O
,",,O
,"Norfolk,,O
,",,O
,East,,O
,Anglia,,O
,Job,,O
,Type,,O
,Permanent,,O
,Description,,O
Sentence: 11,Finishing,,SKILL
,We,,O
,are,,O
,currently,,O
,recruiting,,O
,for,,O
,a,,O
,Project,,O
,Engineer,,SKILL
,to,,O
,join,,O
,our,,O
,team,,O
,in,,O
,Norwich,,O
,The,,O
,primary,,O
,responsibility,,O
,is,,O
,to,,O
,provide,,O
,business,,O
,promotion,,SKILL
,&,,O
,"establishment,,O
,",,O
,business,,O
,administration,,O
,and,,O
,equipment,,O
,integrity,,O
,engineering,,SKILL
,support,,SKILL
,under,,O
,the,,O
,direction,,O
,of,,O
,the,,O
,Equipment,,O
,Integrity,,O
,Technical,,O
,Authority,,O
,Continue,,O
,to,,O
,apply,,SKILL
,engineering,,SKILL
,knowledge,,SKILL
,and,,O
,"expertise,,SKILL
,",,O
,build,,O
,and,,O
,maintain,,SKILL
,"relationships,,O
,",,O
,financial,,O
,/,,O
,contract,,O
,"management,,SKILL
,",,O
,quality,,SKILL
,"orientation,,SKILL
,",,O
,safety,,O
,leadership,,SKILL
,and,,O
,continuous,,O
,development,,O
,in,,O
,all,,O
,aspects,,O
,of,,O
,equipment,,O
,integrity,,O
,service,,SKILL
,activities,,O
Sentence 12: Randstad,,O
,CPE,,O
,values,,O
,diversity,,O
,and,,O
,promotes,,O
,equality,,O
,No,,O
,terminology,,O
,in,,O
,this,,O
,advert,,O
,is,,O
,intended,,O
,to,,O
,discriminate,,O
,against,,O
,any,,O
,of,,O
,the,,O
,protected,,O
,characteristics,,O
,that,,O
,fall,,O
,under,,O
,the,,O
,Equality,,O
,Act,,O
,2010,,O
,We,,O
,encourage,,O
,and,,O
,welcome,,O
,applications,,O
,from,,O
,all,,O
,sections,,O
,Yesterday,,O
,from,,O
,totaljobscom,,O
,,,O
,22,,O
,Girling,,O
,Jones,,O
,Gas,,O
,Engineer,,O
,*,,O
,Fornham,,O
,All,,O
,"Saints,,O
,",,O
,Bury,,O
,St,,O
,Edmunds,,O
,"(IP28),,O
,",,O
,IP28,,O
,6JQ,,O
,Show,,O
,my,,O
,commute,,O
,time,,O
,Enter,,O
,your,,O
,postcode,,O
,Go,,O
,*,,O
,?35000,,O
,,,O
,?39000,,O
,per,,O
,annum,,O
,+,,O
,Car,,O
,Allowance,,O
,+,,O
,Package,,O
,*,,O
,Girling,,O
,Jones,,O
,*,,O
,Permanent,,O
,*,,O
,Today,,O
,,,O
,Responsible,,O
,Gas,,O
,Person,,O
,/,,O
,Gas,,O
,Engineer,,O
,Are,,O
,you,,O
,a,,O
,Commercial,,O
,Gas,,O
,Engineer?,,O
,Do,,O
,you,,O
,hold,,O
,Gas,,O
,Management,,O
,or,,O
,Supervisory,,O
,experience?,,O
,Competent,,O
,in,,O
,working,,O
,within,,O
,Commercial,,O
,Estates,,O
,including,,O
,MoD?,,O
,Girling,,O
,Jones,,O
,are,,O
,recruiting,,O
,for,,O
,a,,O
,Gas,,O
,Engineer,,O
,to,,O
,be,,O
,the,,O
,Responsible,,O
,Gas,,O
,Person,,O
,for,,O
,MoD,,O
,"sites,,O
,",,O
,working,,O
,with,,O
,the,,O
,Hazardous,,O
,Area,,O
,Manager,,O
,As,,O
,Responsible,,O
,Person,,O
,for,,O
,"Gas,,O
,",,O
,you,,O
,will,,O
,ensure,,O
,as,,O
,far,,O
,as,,O
,reasonably,,O
,practical,,O
,that,,O
,all,,O
,persons,,O
,within,,O
,the,,O
,establishment(s),,O
,observe,,O
,the,,O
,requirements,,O
,of,,O
,the,,O
,Gas,,O
,Safety,,O
,Case,,O
,Produce,,SKILL
,risk,,O
,"Assessments,,O
,",,O
,method,,O
,statements,,O
,and,,O
,where,,O
,necessary,,O
,safety,,O
,programmes,,O
,and,,O
,Gas,,O
,Permits,,O
,to,,O
,Work,,O
,to,,O
,a,,O
,high,,O
,quality,,O
,Girling,,O
,Jones,,O
,are,,O
,looking,,O
,to,,O
,recruit,,O
,a,,O
,Gas,,O
,Engineer,,O
,with,,O
,a,,O
,Commercial,,O
,and,,O
,Industrial,,O
,background,,O
,who,,O
,ideally,,O
,holds,,O
,Management,,O
,or,,O
,supervisory,,O
,experience,,O
,This,,O
,role,,O
,is,,O
,not,,O
,an,,O
,'on,,O
,the,,O
,tools',,O
,"role,,O
,",,O
,but,,O
,a,,O
,Compliance,,O
,"role,,O
,",,O
,where,,O
,training,,O
,will,,O
,be,,O
,provided,,O
,All,,O
,training,,O
,will,,O
,be,,O
,provided,,O
,and,,O
,the,,O
,role,,O
,will,,O
,typically,,O
,involve,,O
,the,,O
,following;,,O
,*,,O
,Scope,,O
,of,,O
,works,,O
,*,,O
,Producing,,SKILL
,Management,,O
,plan,,O
,*,,O
,Liaising,,SKILL
,daily,,O
,with,,O
,the,,O
,team,,O
,and,,O
,client,,O
,*,,O
,working,,O
,to,,O
,compliance,,O
,and,,O
,legislation,,O
,*,,O
,50/50,,O
,,,O
,Admin,,O
,and,,O
,Site,,O
,based,,O
,Responsibilities,,O
,*,,O
,Liaise,,SKILL
,with,,O
,DIO,,O
,"SME,,O
,",,O
,Gas,,O
,"Suppliers,,O
,",,O
,end,,O
,users,,O
,and,,O
,other,,O
,stakeholders,,O
,to,,O
,provide,,SKILL
,advice,,O
,and,,O
,support,,O
,*,,O
,Liaise,,O
,closely,,SKILL
,with,,O
,the,,O
,Gas,,O
,Safety,,O
,"manager,,O
,",,O
,seeking,,O
,guidance,,O
,as,,O
,necessary,,O
,*,,O
,Liaise,,SKILL
,closely,,O
,with,,O
,the,,O
,Service,,O
,Delivery,,O
,Area,,O
,Managers,,O
,and,,O
,Site,,O
,Managers,,O
,for,,O
,continued,,O
,compliance,,O
,throughout,,O
,the,,O
,Service,,O
,Delivery,,O
,Area,,O
,*,,O
,Maintain,,SKILL
,a,,O
,positive,,O
,environment,,O
,in,,O
,which,,O
,Skilled,,O
,Persons,,O
,and,,O
,other,,O
,team,,O
,members,,O
,engage,,O
,and,,O
,follow,,O
,in,,O
,the,,O
,requirements,,O
,of,,O
,the,,O
,Gas,,O
,safety,,O
,Case,,O
,*,,O
,Contribute,,SKILL
,to,,O
,data,,O
,gathering,,O
,and,,O
,forecasting,,O
,associated,,O
,with,,O
,the,,O
,Forward,,O
,Additional,,O
,Services,,O
,Plan,,O
,*,,O
,Management,,SKILL
,of,,O
,all,,O
,processes,,O
,to,,O
,ensure,,O
,business,,O
,continuity,,O
,and,,O
,risk,,O
,mitigation,,O
,*,,O
,Consider,,SKILL
,and,,O
,document,,SKILL
,risks,,O
,associated,,O
,with,,O
,the,,O
,tasks,,O
,undertaken,,O
,and,,O
,propose,,SKILL
,ways,,O
,of,,O
,mitigating,,O
,any,,O
,financial,,O
,or,,O
,operational,,O
,impacts,,O
,*,,O
,Ensure,,SKILL
,operations,,O
,are,,O
,delivered,,O
,efficiently,,O
,and,,O
,economically,,O
,in,,O
,order,,O
,to,,O
,promote,,SKILL
,a,,O
,profitable,,O
,business,,O
,What,,O
,you,,O
,will,,O
,need,,O
,to,,O
,succeed,,O
,*,,O
,Familiarity,,O
,or,,O
,experience,,O
,in,,O
,management,,O
,of,,O
,Gas,,O
,Safe,,O
,Systems,,O
,of,,O
,Work,,O
,*,,O
,Experience,,O
,working,,O
,with,,O
,gas,,O
,distribution,,O
,networks,,O
,*,,O
,Experience,,O
,working,,O
,with,,O
,gas,,O
,utilisation,,O
,installations,,O
,both,,O
,commercial,,O
,and,,O
,domestic,,O
,*,,O
,Experience,,O
,working,,O
,with,,O
,LPG,,O
,in,,O
,both,,O
,domestic,,O
,and,,O
,commercial,,O
,installations,,O
,*,,O
,Training,,O
,in,,O
,Safe,,O
,Control,,O
,of,,O
,"Operations,,O
,",,O
,SHEA,,O
,Gas,,O
,and,,O
,Escape,,O
,Locate,,O
,and,,O
,Repair,,O
,works,,O
,*,,O
,Management,,O
,Experience,,O
,in,,O
,an,,O
,operational,,O
,environment,,O
,*,,O
,Experience,,O
,in,,O
,gas,,O
,compliance,,O
,for,,O
,utilisation,,O
,and,,O
,distribution,,O
,Significant,,O
,practical,,O
,experience,,O
,of,,O
,Safe,,O
,Systems,,O
,of,,O
,Work,,O
,including,,O
,*,,O
,Management,,O
,of,,O
,the,,O
,Operational,,O
,Delivery,,O
,of,,O
,JSP375,,O
,*,,O
,Ability,,O
,to,,O
,solve,,O
,problems,,O
,and,,O
,make,,O
,decisions,,O
,*,,O
,Ability,,O
,to,,O
,work,,O
,on,,O
,own,,O
,initiative,,O
,*,,O
,Experience,,O
,of,,O
,supervising,,O
,site,,O
,operations,,O
,*,,O
,Managing,,SKILL
,staff,,O
,in,,O
,the,,O
,appropriate,,O
,disciplines,,O
,*,,O
,"Planning,,SKILL
,",,O
,directing,,SKILL
,and,,O
,controlling,,O
,activities,,O
,*,,O
,Management,,SKILL
,of,,O
,resources,,O
,to,,O
,achieve,,O
,results,,O
,*,,O
,Agreeing,,SKILL
,scope,,O
,and,,O
,priorities,,O
,of,,O
,work,,O
,Qualifications/Essentials,,O
,*,,O
,HND,,O
,level,,O
,qualification,,O
,in,,O
,an,,O
,Electrical/Mechanical,,O
,Engineering,,O
,or,,O
,a,,O
,related,,O
,discipline,,O
,or,,O
,equivalent,,O
,experience,,O
,*,,O
,Technical,,O
,qualifications,,O
,&,,O
,training,,O
,as,,O
,required,,O
,by,,O
,JSP,,O
,"375,,O
,",,O
,including,,O
,*,,O
,Emergency,,O
,first,,O
,aid,,O
,*,,O
,Fire,,O
,safety,,O
,*,,O
,Management,,O
,level,,O
,qualification,,O
,in,,O
,H&S,,O
,and,,O
,Environment,,O
,(eg,,O
,SMSTS),,O
,The,,O
,next,,O
,step?,,O
,*,,O
,Click,,O
,apply,,O
,for,,O
,an,,O
,immediate,,O
,call,,O
,back,,O
,or,,O
,contact,,O
,Adele,,O
,at,,O
,Girling,,O
,Jones,,O
,for,,O
,a,,O
,full,,O
,detailed,,O
,brief,,O
,on,,O
,the,,O
,role,,O
,Girling,,O
,Jones,,O
,Ltd,,O
,is,,O
,acting,,O
,as,,O
,an,,O
,Employment,,O
,Agency,,O
,in,,O
,relation,,O
,to,,O
,this,,O
,vacancy,,O
,*,,O
,Contact,,O
,Adele,,O
,Rogers,,O
,*,,O
,Reference,,O
,Totaljobs/JOARBAXXAR,,O
,*,,O
,Job,,O
,ID,,O
,85423072,,O
,23,,O
,33429,,O
Sentence 13: ,Material,,O
,Handling,,O
,(Uk),,O
,Limited,,O
,Lift,,O
,Truck,,O
,Maintenance,,O
,and,,O
,Repair,,O
,Engineering,,O
,Apprentice,,O
,Linde,,O
,Sterling,,O
,Lift,,O
,Truck,,O
,Maintenance,,O
,and,,O
,Repair,,O
,Engineering,,O
,Apprentice,,O
,Linde,,O
,Sterling,,O
,Linde,,O
,Material,,O
,Handling,,O
,(Uk),,O
,Limited,,O
,Linde,,O
,Material,,O
,Handling,,O
,are,,O
,now,,O
,recruiting,,O
,23,,O
,engineering,,O
,apprentices,,O
,across,,O
,the,,O
,UK,,O
,This,,O
,position,,O
,is,,O
,initially,,O
,a,,O
,workshop,,O
,based,,O
,apprenticeship,,O
,Whilst,,O
,you,,O
,will,,O
,be,,O
,administered,,O
,by,,O
,our,,O
,Liverpool,,O
,depot,,O
,we,,O
,are,,O
,actually,,O
,looking,,O
,for,,O
,people,,O
,to,,O
,be,,O
,based,,O
,at,,O
,our,,O
,"Liverpool,,O
,",,O
,"Warrington,,O
,",,O
,Bolton,,O
,and,,O
,Buckley,,O
,depots,,O
,Closing,,O
,date,,O
,01,,O
,Apr,,O
,2019,,O
,Apprenticeship,,O
,summary,,O
,*,,O
,Weekly,,O
,wage,,O
,£19627,,O
,*,,O
,Working,,O
,week,,O
,Monday,,O
,Friday,,O
,800am,,O
,to,,O
,5pm,,O
,Total,,O
,hours,,O
,per,,O
,week,,O
,4000,,O
,*,,O
,Expected,,O
,duration,,O
,4,,O
,years,,O
,*,,O
,Possible,,O
,start,,O
,date,,O
,01,,O
,Aug,,O
,2019,,O
,*,,O
,Date,,O
,posted,,O
,yesterday,,O
,*,,O
,Distance,,O
,371,,O
,miles,,O
,*,,O
,Apprenticeship,,O
,level,,O
,Intermediate,,O
,Level,,O
,Apprenticeship,,O
,*,,O
,Reference,,O
,number,,O
,VAC001506716,,O
,*,,O
,Positions,,O
,1,,O
,available,,O
,We,,O
,are,,O
,looking,,O
,for,,O
,the,,O
,new,,O
,generation,,O
,of,,O
,engineers,,O
,to,,O
,start,,O
,their,,O
,career,,O
,with,,O
,us,,O
,and,,O
,help,,O
,us,,O
,maintain,,SKILL
,and,,O
,repair,,SKILL
,our,,O
,extensive,,O
,range,,O
,of,,O
,lift,,O
,trucks,,O
,and,,O
,materials,,O
,handling,,O
,equipment,,O
,If,,O
,your,,O
,application,,O
,is,,O
,successful,,O
,we,,O
,will,,O
,give,,O
,you,,O
,all,,O
,the,,O
,"support,,O
,",,O
,you,,O
,need,,O
,to,,O
,a,,O
,start,,O
,your,,O
,career,,O
,with,,O
,Linde,,O
,Material,,O
,Handling,,O
,Youll,,O
,need,,O
,to,,O
,have,,O
,a,,O
,passion,,O
,for,,O
,all,,O
,things,,O
,"engineering,,O
,",,O
,be,,O
,keen,,O
,to,,O
,learn,,O
,and,,O
,youll,,O
,be,,O
,motivated,,O
,to,,O
,achieve,,O
,success,,O
,In,,O
,return,,O
,you,,O
,will,,O
,be,,O
,provided,,O
,with,,O
,a,,O
,work,,O
,"laptop,,O
,",,O
,corporate,,O
,"workwear,,O
,",,O
,personal,,O
,protective,,O
,equipment,,O
,(PPE),,O
,and,,O
,your,,O
,own,,O
,toolbox,,O
,and,,O
,tools,,O
,As,,O
,an,,O
,apprentice,,O
,you,,O
,will,,O
,have,,O
,an,,O
,Apprentice,,O
,Development,,O
,Officer,,O
,to,,O
,support,,O
,your,,O
,overall,,O
,development,,O
,and,,O
,a,,O
,mentor,,O
,who,,O
,will,,O
,guide,,O
,you,,O
,through,,O
,your,,O
,apprenticeship,,O
,programme,,O
,on,,O
,a,,O
,day,,O
,to,,O
,day,,O
,basis,,O
,Our,,O
,established,,O
,Apprenticeship,,O
,programme,,O
,has,,O
,been,,O
,running,,O
,successfully,,O
,for,,O
,many,,O
,years,,O
,We,,O
,have,,O
,produced,,O
,some,,O
,of,,O
,the,,O
,best,,O
,engineers,,O
,in,,O
,our,,O
,industry,,O
,Your,,O
,main,,O
,objective,,O
,is,,O
,to,,O
,become,,O
,a,,O
,fully,,O
,competent,,O
,Engineer,,O
,To,,O
,achieve,,O
,this,,O
,you,,O
,will,,O
,need,,O
,to,,O
,complete,,O
,all,,O
,your,,O
,"learning,,O
,",,O
,studies,,O
,and,,O
,workshop,,O
,practice,,O
,There,,O
,are,,O
,a,,O
,number,,O
,of,,O
,learning,,O
,milestones,,O
,that,,O
,you,,O
,must,,O
,attain,,O
,in,,O
,addition,,O
,to,,O
,adhering,,O
,to,,O
,our,,O
,company,,O
,standards,,O
,A,,O
,quarterly,,O
,review,,O
,with,,O
,your,,O
,ADO,,O
,and,,O
,mentor,,O
,will,,O
,encourage,,O
,twoway,,O
,feedback,,O
,and,,O
,discussion,,O
,to,,O
,support,,O
,you,,O
,on,,O
,your,,O
,journey,,O
,and,,O
,enable,,O
,your,,O
,success,,O
,Your,,O
,duties,,O
,and,,O
,responsibilities,,O
,will,,O
,include,,O
,*,,O
,To,,O
,attend,,O
,all,,O
,training,,O
,courses,,O
,*,,O
,To,,O
,observe,,O
,and,,O
,comply,,O
,with,,O
,all,,O
,policies,,O
,and,,O
,"procedures,,O
,",,O
,including,,O
,health,,O
,and,,O
,safety,,O
,at,,O
,work,,O
,*,,O
,Deliver,,O
,high,,O
,levels,,O
,of,,O
,customer,,O
,service,,O
,for,,O
,our,,O
,customer,,O
,*,,O
,To,,O
,meet,,O
,the,,O
,personal,,O
,and,,O
,professional,,O
,standards,,O
,of,,O
,the,,O
,company,,O
,and,,O
,conduct,,O
,yourself,,O
,in,,O
,accordance,,O
,with,,O
,the,,O
,Linde,,O
,apprentice,,O
,programme,,O
,behavioural,,O
,guidelines,,O
,*,,O
,Complete,,SKILL
,tasks,,O
,in,,O
,the,,O
,workshop,,O
,and,,O
,take,,SKILL
,responsibility,,O
,for,,O
,being,,O
,involved,,O
,in,,O
,its,,O
,day,,O
,to,,O
,day,,O
,running,,O
,alongside,,O
,the,,O
,workplace,,O
,"mentors,,O
,",,O
,to,,O
,complete,,SKILL
,your,,O
,Vocational,,O
,Competency,,O
,Qualification,,O
,(VCQ),,O
,*,,O
,Pass,,O
,all,,O
,online,,O
,and,,O
,written,,O
,"assignments,,O
,",,O
,*,,O
,Work,,SKILL
,closely,,O
,with,,O
,the,,O
,FTEC,,O
,assessor,,O
,and,,O
,FTEC,,O
,team,,O
,to,,O
,achieve,,SKILL
,your,,O
,qualifications,,O
,*,,O
,Work,,O
,at,,O
,become,,SKILL
,competent,,O
,at,,O
,carrying,,SKILL
,out,,O
,regular,,O
,"servicing,,SKILL
,",,O
,preventative,,O
,maintenance,,SKILL
,and,,O
,repairs,,O
,on,,O
,all,,O
,"trucks,,O
,",,O
,to,,O
,a,,O
,high,,O
,standard,,O
,of,,O
,finish,,O
,*,,O
,Undertake,,SKILL
,any,,O
,other,,O
,duties,,O
,that,,O
,may,,O
,be,,O
,required,,O
,*,,O
,Regularly,,O
,demonstrate,,SKILL
,company,,O
,values,,O
,of,,O
,"Integrity,,O
,",,O
,"Courage,,O
,",,O
,Excellence,,O
,and,,O
,collaboration,,O
,Visit,,O
,here,,O
,to,,O
,see,,O
,our,,O
,video,,O
,on,,O
,the,,O
,apprentice,,O
,programme,,O
,https//vimeocom/189757250,,O
,The,,O
,4year,,O
,programme,,O
,includes,,O
,on,,O
,and,,O
,off,,O
,the,,O
,job,,O
,learning,,O
,to,,O
,achieve,,O
,a,,O
,nationally,,O
,accredited,,O
,qualification,,O
,in,,O
,Lift,,O
,Truck,,O
,Maintenance,,O
,and,,O
,Repair,,O
,awarded,,O
,through,,O
,the,,O
,Institute,,O
,of,,O
,Motor,,O
,Industry,,O
,(IMI,,O
,Awards),,O
,The,,O
,off,,O
,the,,O
,job,,O
,training,,O
,will,,O
,take,,O
,place,,O
,at,,O
,FTEC,,O
,Training,,O
,Academy,,O
,in,,O
,"Swindon,,O
,",,O
,for,,O
,5,,O
,weeks,,O
,throughout,,O
,the,,O
,year,,O
,Your,,O
,accommodation,,O
,and,,O
,food,,O
,will,,O
,be,,O
,met,,O
,by,,O
,the,,O
,company,,O
,During,,O
,year,,O
,1,,O
,&,,O
,2,,O
,you,,O
,will,,O
,be,,O
,working,,O
,toward,,O
,a,,O
,level,,O
,2,,O
,Lift,,O
,Truck,,O
,Maintenance,,O
,and,,O
,Repair,,O
,Next,,O
,you,,O
,will,,O
,graduate,,O
,to,,O
,level,,O
,3,,O
,for,,O
,12,,O
,months,,O
,"Finally,,O
,",,O
,in,,O
,the,,O
,4th,,O
,year,,O
,you,,O
,get,,O
,the,,O
,chance,,O
,to,,O
,show,,O
,what,,O
,you,,O
,can,,O
,do,,O
,on,,O
,your,,O
,own,,O
,before,,O
,you,,O
,become,,O
,a,,O
,fullyfledged,,O
,Linde,,O
,engineer,,O
,What,,O
,are,,O
,we,,O
,looking,,O
,for?,,O
,You,,O
,will,,O
,need,,O
,to,,O
,be,,O
,interested,,O
,in,,O
,all,,O
,things,,O
,mechanical,,O
,and,,O
,achieve,,O
,a,,O
,minimum,,O
,of,,O
,grade,,O
,4,,O
,or,,O
,C,,O
,(England,,O
,and,,O
,Wales),,O
,or,,O
,level,,O
,4,,O
,(Scotland),,O
,in,,O
,Maths,,O
,and,,O
,English,,O
,Experience,,O
,is,,O
,advantageous,,O
,however,,O
,not,,O
,essential,,O
,It,,O
,is,,O
,important,,O
,that,,O
,candidates,,O
,who,,O
,apply,,O
,are,,O
,"motivated,,O
,",,O
,"interested,,O
,",,O
,hardworking,,O
,and,,O
,reliable,,O
,How,,O
,to,,O
,apply,,O
,Register,,O
,your,,O
,interest,,O
,by,,O
,completing,,O
,the,,O
,online,,O
,application,,O
,Suitable,,O
,applicants,,O
,will,,O
,be,,O
,shortlisted,,O
,and,,O
,invited,,O
,to,,O
,an,,O
,assessment,,O
,day,,O
,in,,O
,April,,O
,at,,O
,an,,O
,appropriate,,O
,location,,O
,to,,O
,gain,,O
,an,,O
,insight,,O
,into,,O
,the,,O
,business,,O
,and,,O
,for,,O
,us,,O
,to,,O
,get,,O
,an,,O
,idea,,O
,about,,O
,you,,O
,as,,O
,individuals,,O
,Successful,,O
,candidates,,O
,will,,O
,then,,O
,be,,O
,invited,,O
,to,,O
,the,,O
,last,,O
,stage,,O
,of,,O
,the,,O
,assessment,,O
,process,,O
,which,,O
,will,,O
,be,,O
,a,,O
,formal,,O
,interview,,O
,Successful,,O
,applicants,,O
,will,,O
,be,,O
,offered,,O
,the,,O
,apprenticeship,,O
,in,,O
,May,,O
,June,,O
,2019,,O
,to,,O
,start,,O
,from,,O
,July/August,,O
,2019,,O
,Please,,O
,note,,O
,that,,O
,while,,O
,we,,O
,do,,O
,our,,O
,best,,O
,to,,O
,hold,,O
,interviews,,O
,near,,O
,to,,O
,the,,O
,location,,O
,we,,O
,are,,O
,recruiting,,O
,for,,O
,sometimes,,O
,this,,O
,isnt,,O
,always,,O
,possible,,O
,We,,O
,will,,O
,inform,,O
,you,,O
,of,,O
,the,,O
,next,,O
,stage,,O
,as,,O
,soon,,O
,as,,O
,we,,O
,can,,O
,,,O
,Requirements,,O
,and,,O
,prospects,,O
,Desired,,O
,skills,,O
,This,,O
,role,,O
,requires,,O
,you,,O
,to,,O
,have,,O
,a,,O
,keen,,O
,interest,,O
,in,,O
,engineering,,O
,an,,O
,ability,,O
,to,,O
,learn,,O
,new,,O
,skills,,O
,and,,O
,work,,O
,well,,O
,independently,,O
,and,,O
,as,,O
,a,,O
,team,,O
,Personal,,O
,qualities,,O
,You,,O
,will,,O
,be,,O
,required,,O
,to,,O
,be,,O
,"honest,,O
,",,O
,hardworking,,O
,and,,O
,reliable,,O
,Desired,,O
,qualifications,,O
,Applicants,,O
,must,,O
,have,,O
,maths,,O
,and,,O
,English,,O
,GCSE&apos;S,,O
,Grade,,O
,95,,O
,or,,O
,(A,,O
,C),,O
,or,,O
,equivalent,,O
,If,,O
,your,,O
,GCSE,,O
,results,,O
,are,,O
,not,,O
,yet,,O
,"available,,O
,",,O
,please,,O
,state,,O
,your,,O
,official,,O
,predicted,,O
,grades,,O
,and,,O
,note,,O
,they,,O
,are,,O
,predicted,,O
,grades,,O
,(not,,O
,yet,,O
,achieved),,O
,Future,,O
,prospects,,O
,On,,O
,completion,,O
,of,,O
,level,,O
,"2,,O
,",,O
,the,,O
,apprentice,,O
,would,,O
,progress,,O
,to,,O
,Level,,O
,3,,O
,and,,O
,then,,O
,there,,O
,would,,O
,be,,O
,the,,O
,opportunity,,O
,to,,O
,complete,,O
,a,,O
,Level,,O
,4,,O
,qualification,,O
,Things,,O
,to,,O
,consider,,O
,For,,O
,this,,O
,"role,,O
,",,O
,you,,O
,will,,O
,be,,O
,required,,O
,to,,O
,attend,,O
,the,,O
,training,,O
,centre,,O
,in,,O
,Swindon,,O
,for,,O
,5,,O
,weeks,,O
,per,,O
,year,,O
,The,,O
,Apprenticeship,,O
,will,,O
,require,,O
,you,,O
,to,,O
,collect,,SKILL
,evidence,,O
,in,,O
,the,,O
,workplace,,O
,and,,O
,complete,,SKILL
,"assignments,,O
,",,O
,so,,O
,there,,O
,will,,O
,be,,O
,"times,,O
,",,O
,when,,O
,you,,O
,might,,O
,need,,O
,to,,O
,do,,O
,some,,O
,work,,O
,from,,O
,home,,O
,outside,,O
,of,,O
,the,,O
,working,,O
,day,,O
,,,O
,About,,O
,the,,O
,employer,,O
,Linde,,O
,Materials,,O
,Handling,,O
,operates,,O
,throughout,,O
,the,,O
,UK,,O
,and,,O
,is,,O
,Europes,,O
,largest,,O
,manufacturer,,O
,of,,O
,Lift,,O
,Truck,,O
,Equipment,,O
,We,,O
,have,,O
,a,,O
,wide,,O
,range,,O
,of,,O
,"customers,,O
,",,O
,ranging,,O
,from,,O
,a,,O
,small,,O
,factory,,O
,through,,O
,to,,O
,servicing,,O
,the,,O
,materials,,O
,handling,,O
,requirements,,O
,for,,O
,a,,O
,supermarket,,O
,distribution,,O
,site,,O
,We,,O
,offer,,O
,new,,O
,and,,O
,used,,O
,forklifts,,O
,for,,O
,"sale,,O
,",,O
,short,,O
,term,,O
,and,,O
,long,,O
,term,,O
,hire,,O
,and,,O
,also,,O
,offer,,O
,a,,O
,range,,O
,of,,O
,service,,O
,&,,O
,maintenance,,O
,packages,,O
,to,,O
,our,,O
,customers,,O
,As,,O
,a,,O
,business,,O
,we,,O
,are,,O
,committed,,O
,to,,O
,meeting,,O
,our,,O
,customers,,O
,requirements,,O
,from,,O
,a,,O
,quality,,O
,and,,O
,service,,O
,perspective,,O
,We,,O
,operate,,O
,across,,O
,the,,O
,"UK,,O
,",,O
,with,,O
,9,,O
,depots,,O
,and,,O
,23,,O
,customer,,O
,support,,O
,centres,,O
,in,,O
,order,,O
,to,,O
,provide,,O
,resources,,O
,and,,O
,support,,O
,to,,O
,our,,O
,customers,,O
,in,,O
,a,,O
,timely,,O
,manner,,O
,Employer,,O
,Linde,,O
,Material,,O
,Handling,,O
,(Uk),,O
,Limited,,O